[
  {
    "name": "Torn Journal",
    "description": "Sarah's brother's journal, detailing his investigation of the cult.",
    "stats": {
      "value": 0,
      "weight": 1,
      "type": 3
    }
  },
  {
    "name": "Ritual Components",
    "description": "Dark-infused metals and artifacts needed for the cult's ceremony.",
    "stats": {
      "value": 0,
      "weight": 2,
      "type": 3
    }
  },
  {
    "name": "Protective Amulet",
    "description": "An ancient amulet that shields against dark magic.",
    "stats": {
      "value": 100,
      "weight": 1,
      "type": 2,
      "effects": ["magic_resistance"]
    }
  },
  {
    "name": "Cultist Staff",
    "description": "A staff crackling with dark energy.",
    "stats": {
      "value": 200,
      "weight": 3,
      "type": 1,
      "damage": 15,
      "effects": ["dark_magic"]
    }
  }
]
