{
  "$schema": "https://raw.githubusercontent.com/dotnet/docfx/main/schemas/docfx.schema.json",
  "metadata": [
    {
      "src": [
        {
          "src": "./",
          "files": [
            "**/*.csproj"
          ]
        }
      ],
      "output": "api"
    }
  ],
  "build": {
    "content": [
      {
        "files": [
          "**/*.{md,yml}"
        ],
        "exclude": [
          "_site/**"
        ]
      }
    ],
    "resource": [
      {
        "files": [
          "images/**"
        ]
      }
    ],
    "output": "_site",
    "template": [
      "default",
      "modern"
    ],
    "globalMetadata": {
      "_appName": "DemoRPG",
      "_appTitle": "DemoRPG",
      "_enableSearch": false,
      "pdf": true
    }
  }
}