{
  "name": "Darkwood Forest",
  "description": "A dense forest where ancient evil stirs beneath the shadows.",
  "position": "1,0",
  "terrain": 1,
  "locations": [
    {
      "name": "Bandit Camp",
      "description": "A hidden camp marked with cult symbols.",
      "type": 6,
      "position": "1,1",
      "isDiscovered": false,
      "enemies": ["Cultist Guardian"],
      "buildings": [
        {
          "name": "Leader's Tent",
          "description": "A large tent containing ritual materials and plans.",
          "type": "Camp",
          "loot": [
            {
              "item": "ritual_components",
              "chance": 1.0
            },
            {
              "item": "cult_orders",
              "chance": 1.0
            }
          ]
        }
      ]
    },
    {
      "name": "Ancient Ruins",
      "description": "Crumbling structures emanating dark energy.",
      "type": 4,
      "position": "2,2",
      "isDiscovered": false,
      "enemies": ["Cultist Guardian", "Mysterious Cultist"],
      "buildings": [
        {
          "name": "Outer Sanctum",
          "description": "A maze-like structure guarding the inner chamber.",
          "type": "Dungeon",
          "loot": [
            {
              "item": "ritual_components",
              "chance": 0.8
            }
          ]
        },
        {
          "name": "Ritual Chamber",
          "description": "A vast underground chamber where the final ritual is prepared.",
          "type": "Dungeon",
          "enemies": ["High Cultist Malakai"],
          "requiredFlags": ["confronted_mysterious_cultist"]
        }
      ]
    }
  ]
}