[
  {
    "id": 4,
    "rootNodeId": 1,
    "nodes": [
      {
        "id": 1,
        "text": "Ah, you have the symbol. This is grave news indeed.",
        "responses": [
          {
            "text": "What does it mean?",
            "nextNodeId": 2,
            "requiredFlags": ["received_journal"]
          }
        ]
      },
      {
        "id": 2,
        "text": "This is the mark of the Shadowveil Cult. They were sealed away centuries ago after attempting to summon an ancient evil. The metals they seek have dark properties...",
        "responses": [
          {
            "text": "Tell me more about the cult.",
            "nextNodeId": 3
          },
          {
            "text": "Where can I find them?",
            "nextNodeId": 4
          }
        ]
      },
      {
        "id": 3,
        "text": "They believe awakening their 'sleeping god' will grant them immense power. The ritual requires specific artifacts and corrupted metals. We must stop them.",
        "responses": [
          {
            "text": "Where should I look?",
            "nextNodeId": 4
          }
        ]
      },
      {
        "id": 4,
        "text": "The ruins in the northern forest. But you'll need protection - take this amulet. It will shield you from their dark magic.",
        "actions": [
          {
            "type": "GiveItem",
            "target": "protective_amulet",
            "value": "1"
          },
          {
            "type": "SetFlag",
            "target": "learned_cult_history",
            "value": "true"
          },
          {
            "type": "GiveQuest",
            "target": "dark_revelations",
            "value": ""
          }
        ]
      }
    ]
  }
]