[
  {
    "id": 1,
    "rootNodeId": 1,
    "nodes": [
      {
        "id": 1,
        "text": "Welcome to Ravenkeep. We've got serious troubles brewing.",
        "responses": [
          {
            "text": "Tell me about these troubles.",
            "nextNodeId": 2
          },
          {
            "text": "I'm looking for work.",
            "nextNodeId": 3
          }
        ]
      },
      {
        "id": 2,
        "text": "Bandits have been raiding our caravans, but they're only taking specific items - old metalwork and artifacts. Something's not right.",
        "responses": [
          {
            "text": "I can help investigate.",
            "nextNodeId": 3
          },
          {
            "text": "Any leads?",
            "nextNodeId": 4
          }
        ]
      },
      {
        "id": 3,
        "text": "Sarah at the Raven's Rest lost her brother investigating these bandits. Start there. He was onto something before he disappeared.",
        "actions": [
          {
            "type": "SetFlag",
            "target": "spoke_to_captain",
            "value": "true"
          },
          {
            "type": "GiveQuest",
            "target": "investigate_bandits",
            "value": ""
          }
        ]
      },
      {
        "id": 4,
        "text": "Our patrols have spotted activity in the forest to the north. Be careful if you go looking - these aren't ordinary bandits.",
        "responses": [
          {
            "text": "I'll start with Sarah.",
            "nextNodeId": 3
          }
        ]
      }
    ]
  }
]