[
  {
    "id": 101,
    "name": "Dark Materials",
    "description": "Help the blacksmith identify the strange metals the cult is collecting.",
    "type": 1,
    "minLevel": 2,
    "objectives": [
      {
        "description": "Collect corrupted metal samples",
        "type": "Item",
        "target": "corrupted_metal",
        "required": 3
      },
      {
        "description": "Bring samples to Erik",
        "type": "Talk",
        "target": "erik_blacksmith",
        "required": 1
      }
    ],
    "rewards": [
      {
        "type": "Gold",
        "value": 75
      },
      {
        "type": "Item",
        "target": "reinforced_armor",
        "value": 1
      }
    ]
  },
  {
    "id": 102,
    "name": "Lost Patrol",
    "description": "Find the missing guard patrol in the forest.",
    "type": 1,
    "minLevel": 3,
    "objectives": [
      {
        "description": "Find patrol markers",
        "type": "Item",
        "target": "guard_insignia",
        "required": 3
      },
      {
        "description": "Defeat cultist ambushers",
        "type": "Combat",
        "target": "cultist_guardian",
        "required": 2
      },
      {
        "description": "Report to Guard Captain",
        "type": "Talk",
        "target": "guard_captain",
        "required": 1
      }
    ],
    "rewards": [
      {
        "type": "Gold",
        "value": 100
      },
      {
        "type": "Experience",
        "value": 200
      }
    ]
  }
]